EYE-004	SHEGLAM The Everywhere 4-In-1 Liner Pen	default		FALSE
EYE-006	SHEGLAM Real Flow Laminating Brow Pen	Chocolate|Espresso|Taupe		FALSE
EYE-007	SHEGLAM Feather Better Liquid Eyebrow Pencil	Dark Brown|Medium Brown|Taupe		FALSE
EYE-021-A	SHEGLAM Like Magic 12Hr Full Coverage Concealer-Golden	default		TRUE
EYE-021-B	SHEGLAM Like Magic Hydrating Concealer-Pink Pearl	default		TRUE
EYE-026	SHEGLAM Set Me Up Brow Hold-Crystal Clear Brow Pomade	default		FALSE
EYE-027	SHEGLAM Multi-Tasker Line & Detail Eyeliner Pen-Black Kohl Kajal Henna	default		FALSE
EYE-028	SHEGLAM Wing It Waterproof Liner Duo	Black|Brown		FALSE
EYE-029	SHEGLAM	Coffee Date|Desert Hues|Mauve Mood|Peach Perfection|Sahara Heat		FALSE
EYE-030	SHEGLAM The Centuries Eyeshadow Palette	default		FALSE
EYE-031	SHEGLAM The Essentials Pocket Eyeshadow Palette-Fortune	default		FALSE
EYE-032	Care Bears X Sheglam Care Bears X Sweet Wishes Coloerd Eyeliner	Sweet As Suger|True Heart		FALSE
EYE-033	SHEGLAM On-Line Dual Eyeliner-Black Kohl Kajal Henna	default		FALSE
EYE-035	SHEGLAM Set Me Up Brow Gel Brow Pomade	default		FALSE
EYE-037	SHEGLAM Airglow Eye Tint-Nectar	default		FALSE
EYE-048-A	SHEGLAM Boldline Gel Liner Sharpener	default		TRUE
EYE-048-B	SHEGLAM Boldline Longwear Multi-Function Gel Liner	Azure Blue|Black|Burgundy|Chocolate|Hot Pink|Metallic Green|Silver|Violet|White		TRUE
EYE-049	SHEGLAM On-Line Creamy Eyeliner	Black|Brown		FALSE
EYE-050	SHEGLAM Good Point Waterproof Angled Eyeliner Pencil-Black Kohl Kajal Henna	default		FALSE
EYE-061-A	SHEGLAM All-In-One 24K Multi-Effect Mascara	default		TRUE
EYE-061-B	SHEGLAM All-In-One Volume & Length Mascara	default		TRUE
EYE-061-C	SHEGLAM All-In-One Volume & Length Volume Length Mascara	Washable Black|Waterproof Blue|Waterproof Macchiato		TRUE
EYE-062	SHEGLAM Lash Besties 2-In-1 Mascara - Black	default		FALSE
EYE-063	SHEGLAM Flutter Wink Volumizing Mascara-Black	default		FALSE
EYE-064-A	Lashlighter Infinite Tubing Mascara	default		TRUE
EYE-064-B	SHEGLAM Lashlighter Ez Mascara Remover	default		TRUE
EYE-064-C	SHEGLAM Lashlighter Up & Out Mascara	default		TRUE
EYE-069	CATWOMAN™  SHEGLAM Meow Eyeliner Kohl Kajal Henna	default		FALSE
EYE-081	SHEGLAM Big N' Bright Eye Pencil	Frost|Rosé		FALSE
EYE-083	SHEGLAM Gro-Pro Nourishing Lash Serum-Clear	default		FALSE
EYE-088	SHEGLAM Major Beam Blast Eyeshadow	default		FALSE
EYE-089	SHEGLAM Daydreamer Mini Palette-Teddy Meringue	default		FALSE
EYE-096	SHEGLAM Rapid Retouch Cream Concealer-Buttercream	default		FALSE
EYE-00g	SHEGLAM Bright Eyes Cooling Concealer-Fair	default		FALSE
FAC-003	SHEGLAM Cream	Apricot Dream Cheek & Lip Cream Stack|Very Cherry Cheek & Lip Cream Stack		FALSE
FAC-010	SHEGLAM 3D Pro Face Palette-Dune	default		FALSE
FAC-015	Harley Quinn X SHEGLAM Harley Quinn X Mischief Mallet Blush Stick-Bang Bang	default		FALSE
FAC-016	SHEGLAM Glass Glow Blush Stick	Brisk Babe|Cherry Express		FALSE
FAC-017	MAANGE 7pcs Dual-Ended Multi-Function Makeup Brush Set, Including Face Brush, Powder Brush	default		FALSE
FAC-018	SHEGLAM Cutie Paw Blush Stamp	Love Cake|Painted Peony|Berry Flirt|Burnin'	001|009|030|404	FALSE
FAC-020	SHEGLAM Nourishing Neroli Face Cleansing Balm	default		FALSE
FAC-023	SHEGLAM Precision Sculpt Liquid Contour Duo	Brown Sugar|Warm Honey		FALSE
FAC-024-A	SHEGLAM Buttery Bling Highlight Stick-Rose Rush	default		TRUE
FAC-024-B	SHEGLAM Buttery Bliss Blush Stick	Chestnut Flush|Hush Hush|Love Cake|Painted Peony|Rose Ritual		TRUE
FAC-034	SHEGLAM Dew & Done Skin Tint With Spf20-Fair	default		FALSE
FAC-036	SHEGLAM Jelly-Licious Hydrating Lip & Blush Tint	Ahoy|Cheerio|Howdy		FALSE
FAC-043	SHEGLAM Playing Cupid Cream Blush-Emotion	default		FALSE
FAC-044	SHEGLAM Glowchi Bouncy Highlighter	Cherry Blossom|Powdered Sugar		FALSE
FAC-045	SHEGLAM Party Starter Body Highlighter Glitter Gel-Social Butterfly	default		FALSE
FAC-051	SHEGLAM Lunar Orbit Blush Ball-Astrid	default		FALSE
FAC-059	SHEGLAM Color Bloom Liquid Blush	Birthday Suit|Love Cake|Real Deal|Risky Business		FALSE
FAC-067	The Matrix Resurrections  SHEGLAM Going Digital Two-Tone Blush	default		FALSE
FAC-068	SHEGLAM Camera On Smooth & Blur Primer	default		FALSE
FAC-070	SHEGLAM Floral Flush Blush Palette	Blushing Bouquet|Cottage Core Garden		FALSE
FAC-073	SHEGLAM Glam 101 Hybrid Highlighter & Blush Duo	01Vienna|02St. Tropez|03Seville		FALSE
FAC-074	SHEGLAM Insta-Ready Face & Under Eye Setting Powder Duo	Bubblegum|Taro		FALSE
FAC-075	SHEGLAM Sweet Cheeks Blush Trio	Enamored|Private Cabana		FALSE
FAC-076	SHEGLAM Skin-Focus High Coverage Powder Foundation-Fair	default		FALSE
FAC-077	The Powerpuff Girls X SHEGLAM The Powerpuff Girls  Tough Love Shimmer Blush-Utonium	default		FALSE
FAC-078	SHEGLAM Glacier Glo Smoothing Primer	default		FALSE
FAC-079	Care Bears X SHEGLAM Care Bears X Catch Some Fun Highlighting Puff	default		FALSE
FAC-080	The Wizard of OZ™  SHEGLAM Heart Clock Dewy Blush	default		FALSE
FAC-085	SHEGLAM Press Refresh Setting Spray	default		FALSE
FAC-087	6pcs Women's Eyebrow Razors, Women's Facial Care Razors, Women's Whole Body Hair Removal R	default		FALSE
FAC-090	SHEGLAM Lip Veil Cushion Lightweight Lipstick	Crimson|Dream Date|Go Off		FALSE
FAC-092	SHEGLAM Camera On Blurring Waterproof Setting Spray	default		FALSE
FAC-094	SHEGLAM For The Flush Lip & Cheek Tint	Cherry Picked|Fruit Punch|It'S Chili		FALSE
FAC-095	SHEGLAM Cheek 2 Cheek Blush Duo-Pink Sprinkles	default		FALSE
HAI-009	SHEGLAM Glass Lock Air	High Key|Strawberry Milk		FALSE
HAI-042	SHEGLAM HAIR Blowout Bliss Volumizing Hot Air Brush,Hair Dryer Brush,Blow Dryer Brush,4 In	default		FALSE
LIP-001-A	SHEGLAM Glam 101 Lipstick & Liner Lipstick Liner Duo	Berry Whip|Cherry Fudge|Macaron|Praline Pie|Deep Caramel		TRUE
LIP-001-B	SHEGLAM Glam 101 Sheer Tinted Lipstick & Liner Tinted Lipstick Liner Duo	Blueberry Jam|Cherry Glaze		TRUE
LIP-001-C	SHEGLAM Glam 101 Sheer Tinted Lipstick & Liner Duo-Cinna-Swirl Lip Combo	default		TRUE
LIP-002	SHEGLAM Lip Rules Liner & Gloss Pen	By The Book|Case X Case|Golden Rule|Judgey Much|Play Fair		FALSE
LIP-005	SHEGLAM Mega Lip Stacks	Bare Stack|Brownie Stack|Petal Stack		FALSE
LIP-008	12 pcs lip gloss set moisturizing matt noet easy to fade lip stain lipstick fine glitter l	default		FALSE
LIP-011	SHEGLAM Bubble Kiss Lip Balm-Peaches Lip Combo	default		FALSE
LIP-012	The Powerpuff Girls X SHEGLAM The Powerpuff Girls  Save The Day Lip Care	default		FALSE
LIP-013	SHEGLAM Starlight Velvet Lipstick - Beach Babe Lip Combo	default		FALSE
LIP-014	SHEGLAM Pout-Perfect Lip Plumper	Gold Rush|Pink Flamingo|First Crush|Hot Cocoa|In Bloom|Mahogany Magic|Peachy Keen|Pink Flamingo|Sepia Kiss|Spring Fever		FALSE
LIP-019	SHEGLAM Dynamatte Boom Long-Lasting Matte Lipstick (Ember Rose Ver.)	Bliss|Cherish You|My Beloved|Passion		FALSE
LIP-025	Corpse Bride  SHEGLAM Everlasting Love Liquid Lipstick-Emily Lip Combo	default		FALSE
LIP-038	SHEGLAM Glaze Daze Lip	Apple Spice|Jammy		FALSE
LIP-039	Harley Quinn X SHEGLAM Harley Quinn X Villainous Misfits Lip Jam Set Lip Combo	default		FALSE
LIP-040	The Matrix Resurrections SHEGLAM Slowmo Lip	Phase Shift|Super Speed|Telekinesis		FALSE
LIP-041	Harry Potter™ X SHEGLAM Magic Elixir Lip	Amortentia™|Draught Of Living Death™|Felix Felicis™|Polyjuice Potion™		FALSE
LIP-046	Willy wonka  SHEGLAM Cocoa Kiss Lip Duo-Hot Fudge Lip Combo	default		FALSE
LIP-047	Hello Kitty Sheglam Be My Baby Hydrating Lip Stick	Just A Crush|Love Letter|Smitten Kitten		FALSE
LIP-052	SHEGLAM Nourishing Lip Balm-Pink	default		FALSE
LIP-053	SHEGLAM True Stain Liquid Lip Liner	Plum Sauce|But First,Coffee	112|505	FALSE
LIP-054	SHEGLAM Sweet Dreamz Lip Sleeping Mask-Caramel	default		FALSE
LIP-055	SHEGLAM Jelly Wow Hydrating Lip Oil	Berry Involved|Pinkies		FALSE
LIP-056	SHEGLAM Fall In Line Peel Off Lip Liner Stain	Brownie Points|Pinky Promise		FALSE
LIP-057	SHEGLAM Dynamatte Boom Long-Lasting Matte Lipstick	Bold Type|Encore Energy|Gotcha|High Key|Stronger Than Ever		FALSE
LIP-058	SHEGLAM Mirror Kiss High-Shine Lipstick	Bold Type|High Key|Plot Twist|Rule Breaker		FALSE
LIP-060	SHEGLAM Marshmallow Puff Lip Blur Pen	Soft Bounce|High Key|Blush Whip	032|111|136	FALSE
LIP-065	SHEGLAM Soft Haze Lip Blur-Little Things Lip Combo	default		FALSE
LIP-066	SHEGLAM Crystal Glaze Moisturizing Lip Care-Melon Pop Lip Combo	default		FALSE
LIP-071	SHEGLAM Pout Phresh Color Changing Lipstick-Watermelon Lip Combo	default		FALSE
LIP-072	SHEGLAM Line To Shine Peel-Off Lip Stain & Gloss Duo	Peach Mousse|Rose Latte|Pink Macaron|Cherry Cola|Berry Milkshake|Papaya Glaze|Toasted Almond|Mocha|Brown Butter|Fig Cookie	013|113|114|310|311|510|511|512|514|515	FALSE
LIP-082	SHEGLAM Just Kissed Lipstick Crayon-Red Velvet Lip Combo	default		FALSE
LIP-084	SHEGLAM Matte Allure Lipstick	Self Made Babe|Adulting	083|092	FALSE
LIP-086	SHEGLAM Bounce Putty Pocket Lip Pot-Sangria Slay Lip Combo	default		FALSE
LIP-091-A	SHEGLAM Pout Pillow Cushion Lip Gloss sweet dreamz Lip Combo	default		TRUE
LIP-091-B	SHEGLAM Pout Pillow Cushion Lip Gloss-K.O. Lip Combo	default		TRUE
LIP-091-C	SHEGLAM Pout Pillow Cushion Lip Gloss40 winks Lip Combo	default		TRUE
LIP-093	SHEGLAM Take A Hint Lip Tint-Obsessed Lip Combo	default		FALSE
