SKU,Category,ProductName,FullOriginalName,Colors,ColorSlugs,ShadeCode,Size,IsSetOrTool,Price,ImageCountPerColor,NeedsReview,SourceFolderNumber
EYE-004,eyes,SHEGLAM The Everywhere 4-In-1 Liner Pen,SHEGLAM The Everywhere 4-In-1 Liner Pen Brand Beauty Cosmetic Makeup For Women And Girls,default,default,,,FALSE,,3,FALSE,4
EYE-006,eyes,SHEGLAM Real Flow Laminating Brow Pen,SHEGLAM Real Flow Laminating Brow Pen-Chocolate Brow Pomade Brand Beauty Cosmetic Makeup For Women And Girls | SHEGLAM Real Flow Laminating Brow Pen-Espresso Brow Pomade Brand Beauty Cosmetic Makeup For Women And Girls | SHEGLAM Real Flow Laminating Brow Pen-Taupe Brow Pomade Brand Beauty Cosmetic Makeup For Women And Girls,Chocolate|Espresso|Taupe,chocolate|espresso|taupe,,,FALSE,,3|3|3,FALSE,6
EYE-007,eyes,SHEGLAM Feather Better Liquid Eyebrow Pencil,SHEGLAM Feather Better Liquid Eyebrow Pencil-Dark Brown Brow Pomade Brand Beauty Cosmetic Makeup For Women And Girls | SHEGLAM Feather Better Liquid Eyebrow Pencil-Medium Brown Brow Pomade Brand Beauty Cosmetic Makeup For Women And Girls | SHEGLAM Feather Better Liquid Eyebrow Pencil-Taupe Brow Pomade Brand Beauty Cosmetic Makeup For Women And Girls,Dark Brown|Medium Brown|Taupe,dark-brown|medium-brown|taupe,,,FALSE,,3|3|3,FALSE,7
EYE-021-A,eyes,SHEGLAM Like Magic 12Hr Full Coverage Concealer-Golden,SHEGLAM Like Magic 12Hr Full Coverage Concealer-Golden Brand Beauty Cosmetic Makeup For Women And Girls,default,default,,,FALSE,,3,TRUE,21
EYE-021-B,eyes,SHEGLAM Like Magic Hydrating Concealer-Pink Pearl,SHEGLAM Like Magic Hydrating Concealer-Pink Pearl Brand Beauty Cosmetic Makeup For Women And Girls,default,default,,,FALSE,,3,TRUE,21
EYE-026,eyes,SHEGLAM Set Me Up Brow Hold-Crystal Clear Brow Pomade,SHEGLAM Set Me Up Brow Hold-Crystal Clear Brow Pomade Brand Beauty Cosmetic Makeup For Women And Girls,default,default,,,FALSE,,3,FALSE,26
EYE-027,eyes,SHEGLAM Multi-Tasker Line & Detail Eyeliner Pen-Black Kohl Kajal Henna,SHEGLAM Multi-Tasker Line & Detail Eyeliner Pen-Black Kohl Kajal Henna Brand Beauty Cosmetic Makeup For Women And Girls,default,default,,,FALSE,,2,FALSE,27
EYE-028,eyes,SHEGLAM Wing It Waterproof Liner Duo,SHEGLAM Wing It Waterproof Liner Duo - Black Kohl Kajal Henna Brand Beauty Cosmetic Makeup For Women And Girls | SHEGLAM Wing It Waterproof Liner Duo-Brown Kohl Kajal Henna Brand Beauty Cosmetic Makeup For Women And Girls,Black|Brown,black|brown,,,FALSE,,2|2,FALSE,28
EYE-029-A,eyes,SHEGLAM Coffee Date Palette,SHEGLAM Coffee Date Palette Brand Beauty Cosmetic Makeup For Women And Girls,default,default,,,FALSE,,3,TRUE,29
EYE-029-B,eyes,SHEGLAM Desert Hues Palette,SHEGLAM Desert Hues Palette Brand Beauty Cosmetic Makeup For Women And Girls,default,default,,,FALSE,,3,TRUE,29
EYE-029-C,eyes,SHEGLAM Mauve Mood Palette,SHEGLAM Mauve Mood Palette Brand Beauty Cosmetic Makeup For Women And Girls,default,default,,,FALSE,,3,TRUE,29
EYE-029-D,eyes,SHEGLAM Peach Perfection Palette,SHEGLAM Peach Perfection Palette Brand Beauty Cosmetic Makeup For Women And Girls,default,default,,,FALSE,,3,TRUE,29
EYE-029-E,eyes,SHEGLAM Sahara Heat Palette,SHEGLAM Sahara Heat Palette Brand Beauty Cosmetic Makeup For Women And Girls,default,default,,,FALSE,,3,TRUE,29
EYE-030,eyes,SHEGLAM The Centuries Eyeshadow Palette,SHEGLAM The Centuries Eyeshadow Palette Brand Beauty Cosmetic Makeup For Women And Girls,default,default,,,FALSE,,3,FALSE,30
EYE-031,eyes,SHEGLAM The Essentials Pocket Eyeshadow Palette-Fortune,SHEGLAM The Essentials Pocket Eyeshadow Palette-Fortune Brand Beauty Cosmetic Makeup For Women And Girls,default,default,,,FALSE,,3,FALSE,31
EYE-032,eyes,Care Bears X Sheglam Care Bears X Sweet Wishes Coloerd Eyeliner,CARE BEARS X SHEGLAM CARE BEARS X SWEET WISHES COLOERD EYELINER SWEET AS SUGER KOHL KAJAL HENNA BRAND BEAUTY COSMETIC MAKEUP FOR WOMEN AND GIRLS | CARE BEARS X SHEGLAM CARE BEARS X SWEET WISHES COLOERD EYELINER TRUE HEART KOHL KAJAL HENNA BRAND BEAUTY COSMETIC MAKEUP FOR WOMEN AND GIRLS,Sweet As Suger|True Heart,sweet-as-suger|true-heart,,,FALSE,,3|3,FALSE,32
EYE-033,eyes,SHEGLAM On-Line Dual Eyeliner-Black Kohl Kajal Henna,SHEGLAM On-Line Dual Eyeliner-Black Kohl Kajal Henna Brand Beauty Cosmetic Makeup For Women And Girls,default,default,,,FALSE,,3,FALSE,33
EYE-035,eyes,SHEGLAM Set Me Up Brow Gel Brow Pomade,SHEGLAM Set Me Up Brow Gel Brow Pomade Brand Beauty Cosmetic Makeup For Women And Girls,default,default,,,FALSE,,3,FALSE,35
EYE-037,eyes,SHEGLAM Airglow Eye Tint-Nectar,SHEGLAM Airglow Eye Tint-Nectar Brand Beauty Cosmetic Makeup For Women And Girls,default,default,,,FALSE,,3,FALSE,37
EYE-048-A,eyes,SHEGLAM Boldline Gel Liner Sharpener,SHEGLAM Boldline Gel Liner Sharpener Brand Beauty Cosmetic Makeup For Women And Girls,default,default,,,FALSE,,2,TRUE,48
EYE-048-B,eyes,SHEGLAM Boldline Longwear Multi-Function Gel Liner,SHEGLAM Boldline Longwear Multi-Function Gel Liner-Azure Blue Kohl Kajal Henna Brand Beauty Cosmetic Makeup For Women And Girls | SHEGLAM Boldline Longwear Multi-Function Gel Liner-Black Kohl Kajal Henna Brand Beauty Cosmetic Makeup For Women And Girls | SHEGLAM Boldline Longwear Multi-Function Gel Liner-Burgundy Kohl Kajal Henna Brand Beauty Cosmetic Makeup For Women And Girls | SHEGLAM Boldline Longwear Multi-Function Gel Liner-Chocolate Kohl Kajal Henna Brand Beauty Cosmetic Makeup For Women And Girls | SHEGLAM Boldline Longwear Multi-Function Gel Liner-Hot Pink Kohl Kajal Henna Brand Beauty Cosmetic Makeup For Women And Girls | SHEGLAM Boldline Longwear Multi-Function Gel Liner-Metallic Green Kohl Kajal Henna Brand Beauty Cosmetic Makeup For Women And Girls | SHEGLAM Boldline Longwear Multi-Function Gel Liner-Silver Kohl Kajal Henna Brand Beauty Cosmetic Makeup For Women And Girls | SHEGLAM Boldline Longwear Multi-Function Gel Liner-Violet Kohl Kajal Henna Brand Beauty Cosmetic Makeup For Women And Girls | SHEGLAM Boldline Longwear Multi-Function Gel Liner-White Kohl Kajal Henna Brand Beauty Cosmetic Makeup For Women And Girls,Azure Blue|Black|Burgundy|Chocolate|Hot Pink|Metallic Green|Silver|Violet|White,azure-blue|black|burgundy|chocolate|hot-pink|metallic-green|silver|violet|white,,,FALSE,,3|3|3|3|3|3|3|3|3,TRUE,48
EYE-049,eyes,SHEGLAM On-Line Creamy Eyeliner,SHEGLAM On-Line Creamy Eyeliner-Black Kohl Kajal Henna Brand Beauty Cosmetic Makeup For Women And Girls | SHEGLAM On-Line Creamy Eyeliner-Brown Kohl Kajal Henna Brand Beauty Cosmetic Makeup For Women And Girls,Black|Brown,black|brown,,,FALSE,,3|3,FALSE,49
EYE-050,eyes,SHEGLAM Good Point Waterproof Angled Eyeliner Pencil-Black Kohl Kajal Henna,SHEGLAM Good Point Waterproof Angled Eyeliner Pencil-Black Kohl Kajal Henna Brand Beauty Cosmetic Makeup For Women And Girls,default,default,,,FALSE,,3,FALSE,50
EYE-061-A,eyes,SHEGLAM All-In-One 24K Multi-Effect Mascara,SHEGLAM All-In-One 24K Multi-Effect Mascara Brand Beauty Cosmetic Makeup For Women And Girls,default,default,,,FALSE,,3,TRUE,61
EYE-061-B,eyes,SHEGLAM All-In-One Volume & Length Mascara,SHEGLAM All-In-One Volume & Length Mascara Brand Beauty Cosmetic Makeup For Women And Girls,default,default,,,FALSE,,4,TRUE,61
EYE-061-C,eyes,SHEGLAM All-In-One Volume & Length Mascara,SHEGLAM All-In-One Volume & Length Mascara-Washable Black Brand Beauty Cosmetic Makeup For Women And Girls | SHEGLAM All-In-One Volume & Length Mascara-Waterproof Blue Brand Beauty Cosmetic Makeup For Women And Girls | SHEGLAM All-In-One Volume & Length Mascara-Waterproof Macchiato Brand Beauty Cosmetic Makeup For Women And Girls,Washable Black|Waterproof Blue|Waterproof Macchiato,washable-black|waterproof-blue|waterproof-macchiato,,,FALSE,,4|3|4,TRUE,61
EYE-062,eyes,SHEGLAM Lash Besties 2-In-1 Mascara - Black,SHEGLAM Lash Besties 2-In-1 Mascara - Black Brand Beauty Cosmetic Makeup For Women And Girls,default,default,,,FALSE,,3,FALSE,62
EYE-063,eyes,SHEGLAM Flutter Wink Volumizing Mascara-Black,SHEGLAM Flutter Wink Volumizing Mascara-Black Brand Beauty Cosmetic Makeup For Women And Girls,default,default,,,FALSE,,3,FALSE,63
EYE-064-A,eyes,Lashlighter Infinite Tubing Mascara,Lashlighter Infinite Tubing Mascara Brand Beauty Cosmetic Makeup For Women And Girls,default,default,,,FALSE,,4,TRUE,64
EYE-064-B,eyes,SHEGLAM Lashlighter Ez Mascara Remover,SHEGLAM Lashlighter Ez Mascara Remover Brand Beauty Cosmetic Makeup For Women And Girls,default,default,,,FALSE,,3,TRUE,64
EYE-064-C,eyes,SHEGLAM Lashlighter Up & Out Mascara,SHEGLAM Lashlighter Up & Out Mascara Brand Beauty Cosmetic Makeup For Women And Girls,default,default,,,FALSE,,3,TRUE,64
EYE-069,eyes,CATWOMAN™  SHEGLAM Meow Eyeliner Kohl Kajal Henna,CATWOMAN™  SHEGLAM Meow Eyeliner Kohl Kajal Henna Brand Beauty Cosmetic Makeup For Women And Girls,default,default,,,FALSE,,3,FALSE,69
EYE-081,eyes,SHEGLAM Big N' Bright Eye Pencil,SHEGLAM Big N' Bright Eye Pencil-Frost Brand Beauty Cosmetic Makeup For Women And Girls | SHEGLAM Big N' Bright Eye Pencil-Rosé Brand Beauty Cosmetic Makeup For Women And Girls,Frost|Rosé,frost|rose,,,FALSE,,3|3,FALSE,81
EYE-083,eyes,SHEGLAM Gro-Pro Nourishing Lash Serum-Clear,SHEGLAM Gro-Pro Nourishing Lash Serum-Clear Brand Beauty Cosmetic Makeup For Women And Girls,default,default,,,FALSE,,3,FALSE,83
EYE-088,eyes,SHEGLAM Major Beam Blast Eyeshadow,SHEGLAM Major Beam Blast Eyeshadow Brand Beauty Cosmetic Makeup For Women And Girls,default,default,,,FALSE,,3,FALSE,88
EYE-089,eyes,SHEGLAM Daydreamer Mini Palette-Teddy Meringue,SHEGLAM Daydreamer Mini Palette-Teddy Meringue Brand Beauty Cosmetic Makeup For Women And Girls,default,default,,,FALSE,,4,FALSE,89
EYE-096,eyes,SHEGLAM Rapid Retouch Cream Concealer-Buttercream,SHEGLAM Rapid Retouch Cream Concealer-Buttercream Brand Beauty Cosmetic Makeup For Women And Girls,default,default,,,FALSE,,3,FALSE,96
EYE-00g,eyes,SHEGLAM Bright Eyes Cooling Concealer-Fair,SHEGLAM Bright Eyes Cooling Concealer-Fair Brand Beauty Cosmetic Makeup For Women And Girls,default,default,,,FALSE,,3,FALSE,g
FAC-003,face,SHEGLAM Cheek & Lip Cream Stack,SHEGLAM Apricot Dream Cheek & Lip Cream Stack 0 Brand Beauty Cosmetic Makeup For Women And Girls | SHEGLAM Very Cherry Cheek & Lip Cream Stack Brand Beauty Cosmetic Makeup For Women And Girls,Apricot Dream|Very Cherry,apricot-dream|very-cherry,,,FALSE,,3|3,FALSE,3
FAC-010,face,SHEGLAM 3D Pro Face Palette-Dune,SHEGLAM 3D Pro Face Palette-Dune Brand Beauty Cosmetic Makeup For Women And Girls,default,default,,,FALSE,,3,FALSE,10
FAC-015,face,Harley Quinn X SHEGLAM Harley Quinn X Mischief Mallet Blush Stick-Bang Bang,Harley Quinn X SHEGLAM Harley Quinn X Mischief Mallet Blush Stick-Bang Bang 0 Brand Beauty Cosmetic Makeup For Women And Girls,default,default,,,FALSE,,3,FALSE,15
FAC-016,face,SHEGLAM Glass Glow Blush Stick,SHEGLAM Glass Glow Blush Stick-Brisk Babe 0 Brand Beauty Cosmetic Makeup For Women And Girls | SHEGLAM Glass Glow Blush Stick-Cherry Express 0 Brand Beauty Cosmetic Makeup For Women And Girls,Brisk Babe|Cherry Express,brisk-babe|cherry-express,,,FALSE,,3|3,FALSE,16
FAC-017,face,"MAANGE 7pcs Dual-Ended Multi-Function Makeup Brush Set, Including Face Brush, Powder Brush","MAANGE 7pcs Dual-Ended Multi-Function Makeup Brush Set, Including Face Brush, Powder Brush, Blush Brush, Concealer Brush, Contour Brush, Nose Shadow Brush, Eyeshadow Brush, Detail Brush, Foundation Brush",default,default,,,TRUE,,2,FALSE,17
FAC-018,face,SHEGLAM Cutie Paw Blush Stamp,SHEGLAM Cutie Paw Blush Stamp-001 Love Cake Long-Lasting Lightweight Powder Blusher Stick Brand Beauty Cosmetic Makeup For Women And Girls | SHEGLAM Cutie Paw Blush Stamp-009 Painted Peony Long-Lasting Lightweight Powder Blusher Stick Brand Beauty Cosmetic Makeup For Women And Girls | SHEGLAM Cutie Paw Blush Stamp-030 Berry Flirt Long-Lasting Lightweight Powder Blusher Stick Brand Beauty Cosmetic Makeup For Women And Girls | SHEGLAM Cutie Paw Blush Stamp-404 Burnin' Up Long-Lasting Lightweight Powder Blusher Stick Brand Beauty Cosmetic Makeup For Women And Girls,Love Cake|Painted Peony|Berry Flirt|Burnin',love-cake|painted-peony|berry-flirt|burnin,001|009|030|404,,FALSE,,3|3|3|3,FALSE,18
FAC-020,face,SHEGLAM Nourishing Neroli Face Cleansing Balm,SHEGLAM Nourishing Neroli Face Cleansing Balm 35G Brand Beauty Cosmetic Makeup For Women And Girls,default,default,,35G,FALSE,,2,FALSE,20
FAC-023,face,SHEGLAM Precision Sculpt Liquid Contour Duo,SHEGLAM Precision Sculpt Liquid Contour Duo-Brown Sugar Brand Beauty Cosmetic Makeup For Women And Girls | SHEGLAM Precision Sculpt Liquid Contour Duo-Warm Honey Brand Beauty Cosmetic Makeup For Women And Girls,Brown Sugar|Warm Honey,brown-sugar|warm-honey,,,FALSE,,3|3,FALSE,23
FAC-024-A,face,SHEGLAM Buttery Bling Highlight Stick-Rose Rush,SHEGLAM Buttery Bling Highlight Stick-Rose Rush Brand Beauty Cosmetic Makeup For Women And Girls,default,default,,,FALSE,,3,TRUE,24
FAC-024-B,face,SHEGLAM Buttery Bliss Blush Stick,SHEGLAM Buttery Bliss Blush Stick-Chestnut Flush 0 Brand Beauty Cosmetic Makeup For Women And Girls | SHEGLAM Buttery Bliss Blush Stick-Hush Hush 0 Brand Beauty Cosmetic Makeup For Women And Girls | SHEGLAM Buttery Bliss Blush Stick-Love Cake 0 Brand Beauty Cosmetic Makeup For Women And Girls | SHEGLAM Buttery Bliss Blush Stick-Painted Peony 0 Brand Beauty Cosmetic Makeup For Women And Girls | SHEGLAM Buttery Bliss Blush Stick-Rose Ritual 0 Brand Beauty Cosmetic Makeup For Women And Girls,Chestnut Flush|Hush Hush|Love Cake|Painted Peony|Rose Ritual,chestnut-flush|hush-hush|love-cake|painted-peony|rose-ritual,,,FALSE,,3|3|3|3|3,TRUE,24
FAC-034,face,SHEGLAM Dew & Done Skin Tint With Spf20-Fair,SHEGLAM Dew & Done Skin Tint With Spf20-Fair Brand Beauty Cosmetic Makeup For Women And Girls,default,default,,,FALSE,,3,FALSE,34
FAC-036,face,SHEGLAM Jelly-Licious Hydrating Lip & Blush Tint,SHEGLAM Jelly-Licious Hydrating Lip & Blush Tint-Ahoy 0 Brand Beauty Cosmetic Makeup For Women And Girls | SHEGLAM Jelly-Licious Hydrating Lip & Blush Tint-Cheerio 0 Brand Beauty Cosmetic Makeup For Women And Girls | SHEGLAM Jelly-Licious Hydrating Lip & Blush Tint-Howdy 0 Brand Beauty Cosmetic Makeup For Women And Girls,Ahoy|Cheerio|Howdy,ahoy|cheerio|howdy,,,FALSE,,3|3|3,FALSE,36
FAC-043,face,SHEGLAM Playing Cupid Cream Blush-Emotion,SHEGLAM Playing Cupid Cream Blush-Emotion 0 Brand Beauty Cosmetic Makeup For Women And Girls,default,default,,,FALSE,,4,FALSE,43
FAC-044,face,SHEGLAM Glowchi Bouncy Highlighter,SHEGLAM Glowchi Bouncy Highlighter-Cherry Blossom Brand Beauty Cosmetic Makeup For Women And Girls | SHEGLAM Glowchi Bouncy Highlighter-Powdered Sugar Brand Beauty Cosmetic Makeup For Women And Girls,Cherry Blossom|Powdered Sugar,cherry-blossom|powdered-sugar,,,FALSE,,3|3,FALSE,44
FAC-045,face,SHEGLAM Party Starter Body Highlighter Glitter Gel-Social Butterfly,SHEGLAM Party Starter Body Highlighter Glitter Gel-Social Butterfly Brand Beauty Cosmetic Makeup For Women And Girls,default,default,,,FALSE,,3,FALSE,45
FAC-051,face,SHEGLAM Lunar Orbit Blush Ball-Astrid,SHEGLAM Lunar Orbit Blush Ball-Astrid 0 Brand Beauty Cosmetic Makeup For Women And Girls,default,default,,,FALSE,,3,FALSE,51
FAC-059,face,SHEGLAM Color Bloom Liquid Blush,SHEGLAM Color Bloom Liquid Blush-Birthday Suit Brand Beauty Cosmetic Makeup For Women And Girls | SHEGLAM Color Bloom Liquid Blush-Love Cake Brand Beauty Cosmetic Makeup For Women And Girls | SHEGLAM Color Bloom Liquid Blush-Real Deal 0 Brand Beauty Cosmetic Makeup For Women And Girls | SHEGLAM Color Bloom Liquid Blush-Risky Business Brand Beauty Cosmetic Makeup For Women And Girls,Birthday Suit|Love Cake|Real Deal|Risky Business,birthday-suit|love-cake|real-deal|risky-business,,,FALSE,,3|3|3|3,FALSE,59
FAC-067,face,The Matrix Resurrections  SHEGLAM Going Digital Two-Tone Blush,The Matrix Resurrections  SHEGLAM Going Digital Two-Tone Blush Brand Beauty Cosmetic Makeup For Women And Girls,default,default,,,FALSE,,3,FALSE,67
FAC-068,face,SHEGLAM Camera On Smooth & Blur Primer,SHEGLAM Camera On Smooth & Blur Primer Brand Beauty Cosmetic Makeup For Women And Girls,default,default,,,FALSE,,2,FALSE,68
FAC-070,face,SHEGLAM Floral Flush Blush Palette,SHEGLAM Floral Flush Blush Palette-Blushing Bouquet Brand Beauty Cosmetic Makeup For Women And Girls | SHEGLAM Floral Flush Blush Palette-Cottage Core Garden Brand Beauty Cosmetic Makeup For Women And Girls,Blushing Bouquet|Cottage Core Garden,blushing-bouquet|cottage-core-garden,,,FALSE,,2|3,FALSE,70
FAC-073,face,SHEGLAM Glam 101 Hybrid Highlighter & Blush Duo,SHEGLAM Glam 101 Hybrid Highlighter & Blush Duo-01Vienna Brand Beauty Cosmetic Makeup For Women And Girls | SHEGLAM Glam 101 Hybrid Highlighter & Blush Duo-02St. Tropez Brand Beauty Cosmetic Makeup For Women And Girls | SHEGLAM Glam 101 Hybrid Highlighter & Blush Duo-03Seville Brand Beauty Cosmetic Makeup For Women And Girls,01Vienna|02St. Tropez|03Seville,01vienna|02st-tropez|03seville,,,FALSE,,3|3|3,FALSE,73
FAC-074,face,SHEGLAM Insta-Ready Face & Under Eye Setting Powder Duo,SHEGLAM Insta-Ready Face & Under Eye Setting Powder Duo-Bubblegum Brand Beauty Cosmetic Makeup For Women And Girls | SHEGLAM Insta-Ready Face & Under Eye Setting Powder Duo-Taro Brand Beauty Cosmetic Makeup For Women And Girls,Bubblegum|Taro,bubblegum|taro,,,FALSE,,3|3,FALSE,74
FAC-075,face,SHEGLAM Sweet Cheeks Blush Trio,SHEGLAM Sweet Cheeks Blush Trio-Enamored Brand Beauty Cosmetic Makeup For Women And Girls | SHEGLAM Sweet Cheeks Blush Trio-Private Cabana Brand Beauty Cosmetic Makeup For Women And Girls,Enamored|Private Cabana,enamored|private-cabana,,,FALSE,,3|2,FALSE,75
FAC-076,face,SHEGLAM Skin-Focus High Coverage Powder Foundation-Fair,SHEGLAM Skin-Focus High Coverage Powder Foundation-Fair Brand Beauty Cosmetic Makeup For Women And Girls,default,default,,,FALSE,,3,FALSE,76
FAC-077,face,The Powerpuff Girls X SHEGLAM The Powerpuff Girls  Tough Love Shimmer Blush-Utonium,The Powerpuff Girls X SHEGLAM The Powerpuff Girls  Tough Love Shimmer Blush-Utonium 0 Brand Beauty Cosmetic Makeup For Women And Girls,default,default,,,FALSE,,3,FALSE,77
FAC-078,face,SHEGLAM Glacier Glo Smoothing Primer,SHEGLAM Glacier Glo Smoothing Primer Brand Beauty Cosmetic Makeup For Women And Girls,default,default,,,FALSE,,3,FALSE,78
FAC-079,face,Care Bears X SHEGLAM Care Bears X Catch Some Fun Highlighting Puff,Care Bears X SHEGLAM Care Bears X Catch Some Fun Highlighting Puff Brand Beauty Cosmetic Makeup For Women And Girls,default,default,,,FALSE,,3,FALSE,79
FAC-080,face,The Wizard of OZ™  SHEGLAM Heart Clock Dewy Blush,The Wizard of OZ™  SHEGLAM Heart Clock Dewy Blush 0 Brand Beauty Cosmetic Makeup For Women And Girls,default,default,,,FALSE,,3,FALSE,80
FAC-085,face,SHEGLAM Press Refresh Setting Spray,SHEGLAM Press Refresh Setting Spray Brand Beauty Cosmetic Makeup For Women And Girls,default,default,,,FALSE,,3,FALSE,85
FAC-087,face,"6pcs Women's Eyebrow Razors, Women's Facial Care Razors, Women's Whole Body Hair Removal R","6pcs Women's Eyebrow Razors, Women's Facial Care Razors, Women's Whole Body Hair Removal Razors, Multi-Purpose Facial Hair Remover Disposable Blades Eyebrow Grooming Tools, Hair Products And Accessories Fo",default,default,,,TRUE,,3,FALSE,87
FAC-090,face,SHEGLAM Lip Veil Cushion Lightweight Lipstick,SHEGLAM Lip Veil Cushion Lightweight Lipstick-Crimson Lip Combo Brand Beauty Cosmetic Makeup For Women And Girls | SHEGLAM Lip Veil Cushion Lightweight Lipstick-Dream Date Lip Combo Brand Beauty Cosmetic Makeup For Women And Girls | SHEGLAM Lip Veil Cushion Lightweight Lipstick-Go Off Lip Combo Brand Beauty Cosmetic Makeup For Women And Girls,Crimson|Dream Date|Go Off,crimson|dream-date|go-off,,,FALSE,,3|3|3,FALSE,90
FAC-092,face,SHEGLAM Camera On Blurring Waterproof Setting Spray,SHEGLAM Camera On Blurring Waterproof Setting Spray Brand Beauty Cosmetic Makeup For Women And Girls,default,default,,,FALSE,,2,FALSE,92
FAC-094,face,SHEGLAM For The Flush Lip & Cheek Tint,SHEGLAM For The Flush Lip & Cheek Tint - Cherry Picked Lip Combo Brand Beauty Cosmetic Makeup For Women And Girls | SHEGLAM For The Flush Lip & Cheek Tint - Fruit Punch Lip Combo Brand Beauty Cosmetic Makeup For Women And Girls | SHEGLAM For The Flush Lip & Cheek Tint - It'S Chili Lip Combo Brand Beauty Cosmetic Makeup For Women And Girls,Cherry Picked|Fruit Punch|It'S Chili,cherry-picked|fruit-punch|it-s-chili,,,FALSE,,2|2|2,FALSE,94
FAC-095,face,SHEGLAM Cheek 2 Cheek Blush Duo-Pink Sprinkles,SHEGLAM Cheek 2 Cheek Blush Duo-Pink Sprinkles 0 Brand Beauty Cosmetic Makeup For Women And Girls,default,default,,,FALSE,,3,FALSE,95
HAI-009,hair,SHEGLAM Glass Lock Air Gloss,SHEGLAM Glass Lock Air Gloss-High Key Lip Combo Brand Beauty Cosmetic Makeup For Women And Girls | SHEGLAM Glass Lock Air Gloss-Strawberry Milk Lip Combo Brand Beauty Cosmetic Makeup For Women And Girls,High Key|Strawberry Milk,high-key|strawberry-milk,,,FALSE,,3|3,FALSE,9
HAI-042,hair,"SHEGLAM HAIR Blowout Bliss Volumizing Hot Air Brush,Hair Dryer Brush,Blow Dryer Brush,4 In","SHEGLAM HAIR Blowout Bliss Volumizing Hot Air Brush,Hair Dryer Brush,Blow Dryer Brush,4 In 1 Hair Dryer And Styler Volumizer For Drying Straightening Curling Volumizing Hair,GLOSS PRO™ Coating,Built-In Care",default,default,,,TRUE,,3,FALSE,42
LIP-001-A,lips,SHEGLAM Glam 101 Lipstick & Liner Duo,SHEGLAM Glam 101 Lipstick & Liner Duo - Berry Whip Lip Combo Brand Beauty Cosmetic Makeup For Women And Girls | SHEGLAM Glam 101 Lipstick & Liner Duo - Cherry Fudge Lip Combo Brand Beauty Cosmetic Makeup For Women And Girls | SHEGLAM Glam 101 Lipstick & Liner Duo - Macaron Lip Combo Brand Beauty Cosmetic Makeup For Women And Girls | SHEGLAM Glam 101 Lipstick & Liner Duo - Praline Pie Lip Combo Brand Beauty Cosmetic Makeup For Women And Girls | SHEGLAM Glam 101 Lipstick & Liner Duo-Deep Caramel Lip Combo Brand Beauty Cosmetic Makeup For Women And Girls,Berry Whip|Cherry Fudge|Macaron|Praline Pie|Deep Caramel,berry-whip|cherry-fudge|macaron|praline-pie|deep-caramel,,,FALSE,,3|3|3|3|3,TRUE,1
LIP-001-B,lips,SHEGLAM Glam 101 Sheer Tinted Lipstick & Liner Duo,SHEGLAM Glam 101 Sheer Tinted Lipstick & Liner Duo-Blueberry Jam Lip Combo Brand Beauty Cosmetic Makeup For Women And Girls | SHEGLAM Glam 101 Sheer Tinted Lipstick & Liner Duo-Cherry Glaze Lip Combo Brand Beauty Cosmetic Makeup For Women And Girls | SHEGLAM Glam 101 Sheer Tinted Lipstick & Liner Duo-Cinna-Swirl Lip Combo Brand Beauty Cosmetic Makeup For Women And Girls,Blueberry Jam|Cherry Glaze|Cinna-Swirl,blueberry-jam|cherry-glaze|cinna-swirl,,,FALSE,,3|3|3,TRUE,1
LIP-002,lips,SHEGLAM Lip Rules Liner & Gloss Pen,SHEGLAM Lip Rules Liner & Gloss Pen-By The Book Lip Combo Brand Beauty Cosmetic Makeup For Women And Girls | SHEGLAM Lip Rules Liner & Gloss Pen-Case X Case Lip Combo Brand Beauty Cosmetic Makeup For Women And Girls | SHEGLAM Lip Rules Liner & Gloss Pen-Golden Rule Lip Combo Brand Beauty Cosmetic Makeup For Women And Girls | SHEGLAM Lip Rules Liner & Gloss Pen-Judgey Much Lip Combo Brand Beauty Cosmetic Makeup For Women And Girls | SHEGLAM Lip Rules Liner & Gloss Pen-Play Fair Lip Combo Brand Beauty Cosmetic Makeup For Women And Girls,By The Book|Case X Case|Golden Rule|Judgey Much|Play Fair,by-the-book|case-x-case|golden-rule|judgey-much|play-fair,,,FALSE,,4|4|4|4|4,FALSE,2
LIP-005,lips,SHEGLAM Mega Lip Stacks,SHEGLAM Mega Lip Stacks-Bare Stack Lip Combo Brand Beauty Cosmetic Makeup For Women And Girls | SHEGLAM Mega Lip Stacks-Brownie Stack Lip Combo Brand Beauty Cosmetic Makeup For Women And Girls | SHEGLAM Mega Lip Stacks-Petal Stack Lip Combo Brand Beauty Cosmetic Makeup For Women And Girls,Bare Stack|Brownie Stack|Petal Stack,bare-stack|brownie-stack|petal-stack,,,FALSE,,4|4|4,FALSE,5
LIP-008,lips,12 pcs lip gloss set moisturizing matt noet easy to fade lip stain lipstick fine glitter l,12 pcs lip gloss set moisturizing matt noet easy to fade lip stain lipstick fine glitter lip glaze gift box for mother day valentine day gift for her,default,default,,,TRUE,,6,FALSE,8
LIP-011,lips,SHEGLAM Bubble Kiss Lip Balm-Peaches Lip Combo,SHEGLAM Bubble Kiss Lip Balm-Peaches Lip Combo Brand Beauty Cosmetic Makeup For Women And Girls,default,default,,,FALSE,,3,FALSE,11
LIP-012,lips,The Powerpuff Girls X SHEGLAM The Powerpuff Girls  Save The Day Lip Care,The Powerpuff Girls X SHEGLAM The Powerpuff Girls  Save The Day Lip Care Brand Beauty Cosmetic Makeup For Women And Girls,default,default,,,FALSE,,3,FALSE,12
LIP-013,lips,SHEGLAM Starlight Velvet Lipstick - Beach Babe Lip Combo,SHEGLAM Starlight Velvet Lipstick - Beach Babe Lip Combo Brand Beauty Cosmetic Makeup For Women And Girls,default,default,,,FALSE,,3,FALSE,13
LIP-014-A,lips,SHEGLAM Pout-Perfect Shimmer Lip Plumper,SHEGLAM Pout-Perfect Shimmer Lip Plumper-Gold Rush Lip Combo Brand Beauty Cosmetic Makeup For Women And Girls | SHEGLAM Pout-Perfect Shimmer Lip Plumper-Pink Flamingo Lip Combo Brand Beauty Cosmetic Makeup For Women And Girls,Gold Rush|Pink Flamingo,gold-rush|pink-flamingo,,,FALSE,,3|3,TRUE,14
LIP-014-B,lips,SHEGLAM Pout-Perfect Shine Lip Plumper,SHEGLAM Pout-Perfect Shine Lip Plumper-First Crush Lip Combo Brand Beauty Cosmetic Makeup For Women And Girls | SHEGLAM Pout-Perfect Shine Lip Plumper-Hot Cocoa Lip Combo Brand Beauty Cosmetic Makeup For Women And Girls | SHEGLAM Pout-Perfect Shine Lip Plumper-In Bloom Lip Combo Brand Beauty Cosmetic Makeup For Women And Girls | SHEGLAM Pout-Perfect Shine Lip Plumper-Mahogany Magic Lip Combo Brand Beauty Cosmetic Makeup For Women And Girls | SHEGLAM Pout-Perfect Shine Lip Plumper-Peachy Keen Lip Combo Brand Beauty Cosmetic Makeup For Women And Girls | SHEGLAM Pout-Perfect Shine Lip Plumper-Pink Flamingo Lip Combo Brand Beauty Cosmetic Makeup For Women And Girls | SHEGLAM Pout-Perfect Shine Lip Plumper-Sepia Kiss Lip Combo Brand Beauty Cosmetic Makeup For Women And Girls | SHEGLAM Pout-Perfect Shine Lip Plumper-Spring Fever Lip Combo Brand Beauty Cosmetic Makeup For Women And Girls,First Crush|Hot Cocoa|In Bloom|Mahogany Magic|Peachy Keen|Pink Flamingo|Sepia Kiss|Spring Fever,first-crush|hot-cocoa|in-bloom|mahogany-magic|peachy-keen|pink-flamingo|sepia-kiss|spring-fever,,,FALSE,,3|3|3|3|3|3|3|3,TRUE,14
LIP-019,lips,SHEGLAM Dynamatte Boom Long-Lasting Matte Lipstick (Ember Rose Ver.),SHEGLAM Dynamatte Boom Long-Lasting Matte Lipstick (Ember Rose Ver.)-Bliss Lip Combo Brand Beauty Cosmetic Makeup For Women And Girls | SHEGLAM Dynamatte Boom Long-Lasting Matte Lipstick (Ember Rose Ver.)-Cherish You Lip Combo Brand Beauty Cosmetic Makeup For Women And Girls | SHEGLAM Dynamatte Boom Long-Lasting Matte Lipstick (Ember Rose Ver.)-My Beloved Lip Combo Brand Beauty Cosmetic Makeup For Women And Girls | SHEGLAM Dynamatte Boom Long-Lasting Matte Lipstick (Ember Rose Ver.)-Passion Lip Combo Brand Beauty Cosmetic Makeup For Women And Girls,Bliss|Cherish You|My Beloved|Passion,bliss|cherish-you|my-beloved|passion,,,FALSE,,3|3|3|3,FALSE,19
LIP-025,lips,Corpse Bride  SHEGLAM Everlasting Love Liquid Lipstick-Emily Lip Combo,Corpse Bride  SHEGLAM Everlasting Love Liquid Lipstick-Emily Lip Combo Brand Beauty Cosmetic Makeup For Women And Girls,default,default,,,FALSE,,3,FALSE,25
LIP-038,lips,SHEGLAM Glaze Daze Lip Gloss,SHEGLAM Glaze Daze Lip Gloss-Apple Spice Lip Combo Brand Beauty Cosmetic Makeup For Women And Girls | SHEGLAM Glaze Daze Lip Gloss-Jammy Lip Combo Brand Beauty Cosmetic Makeup For Women And Girls,Apple Spice|Jammy,apple-spice|jammy,,,FALSE,,3|3,FALSE,38
LIP-039,lips,Harley Quinn X SHEGLAM Harley Quinn X Villainous Misfits Lip Jam Set Lip Combo,Harley Quinn X SHEGLAM Harley Quinn X Villainous Misfits Lip Jam Set Lip Combo Brand Beauty Cosmetic Makeup For Women And Girls,default,default,,,FALSE,,5,FALSE,39
LIP-040,lips,The Matrix Resurrections  SHEGLAM Slowmo Lip Gloss,The Matrix Resurrections  SHEGLAM Slowmo Lip Gloss-Phase Shift Lip Combo Brand Beauty Cosmetic Makeup For Women And Girls | The Matrix Resurrections  SHEGLAM Slowmo Lip Gloss-Super Speed Lip Combo Brand Beauty Cosmetic Makeup For Women And Girls | The Matrix Resurrections  SHEGLAM Slowmo Lip Gloss-Telekinesis Lip Combo Brand Beauty Cosmetic Makeup For Women And Girls,Phase Shift|Super Speed|Telekinesis,phase-shift|super-speed|telekinesis,,,FALSE,,3|3|3,FALSE,40
LIP-041,lips,Harry Potter™ X SHEGLAM Magic Elixir Lip Gloss,Harry Potter™ X SHEGLAM Magic Elixir Lip Gloss-Amortentia™ Lip Combo Brand Beauty Cosmetic Makeup For Women And Girls | Harry Potter™ X SHEGLAM Magic Elixir Lip Gloss-Draught Of Living Death™ Lip Combo Brand Beauty Cosmetic Makeup For Women And Girls | Harry Potter™ X SHEGLAM Magic Elixir Lip Gloss-Felix Felicis™ Lip Combo Brand Beauty Cosmetic Makeup For Women And Girls | Harry Potter™ X SHEGLAM Magic Elixir Lip Gloss-Polyjuice Potion™ Lip Combo Brand Beauty Cosmetic Makeup For Women And Girls,Amortentia™|Draught Of Living Death™|Felix Felicis™|Polyjuice Potion™,amortentiatm|draught-of-living-deathtm|felix-felicistm|polyjuice-potiontm,,,FALSE,,3|3|3|3,FALSE,41
LIP-046,lips,Willy wonka  SHEGLAM Cocoa Kiss Lip Duo-Hot Fudge Lip Combo,Willy wonka  SHEGLAM Cocoa Kiss Lip Duo-Hot Fudge Lip Combo Brand Beauty Cosmetic Makeup For Women And Girls,default,default,,,FALSE,,3,FALSE,46
LIP-047,lips,Hello Kitty Sheglam Be My Baby Hydrating Lip Stick,HELLO KITTY SHEGLAM BE MY BABY HYDRATING LIP STICK JUST A CRUSH LIP COMBO BRAND BEAUTY COSMETICK MAKEUP FOR WOMEN AND GIRLS | HELLO KITTY SHEGLAM BE MY BABY HYDRATING LIP STICK LOVE LETTER LIP COMBO BRAND BEAUTY COSMETICK MAKEUP FOR WOMEN AND GIRLS | HELLO KITTY SHEGLAM BE MY BABY HYDRATING LIP STICK SMITTEN KITTEN LIP COMBO BRAND BEAUTY COSMETICK MAKEUP FOR WOMEN AND GIRLS,Just A Crush|Love Letter|Smitten Kitten,just-a-crush|love-letter|smitten-kitten,,,FALSE,,4|4|4,FALSE,47
LIP-052,lips,SHEGLAM Nourishing Lip Balm-Pink,SHEGLAM Nourishing Lip Balm-Pink Brand Beauty Cosmetic Makeup For Women And Girls,default,default,,,FALSE,,2,FALSE,52
LIP-053,lips,SHEGLAM True Stain Liquid Lip Liner,"SHEGLAM True Stain Liquid Lip Liner-112 Plum Sauce Lip Pencil Lipstick To Define Lips Smooth Matte Tint Long Lasting Transfer Proof Smudge Proof High Pigment 2-In-1 Combo Multi-Use | SHEGLAM True Stain Liquid Lip Liner-505 But First,Coffee Long Lasting Lipstick Smooth Matte Tint Brand Beauty Cosmetic Makeup For Women And Girls","Plum Sauce|But First,Coffee",plum-sauce|but-first-coffee,112|505,,FALSE,,3|3,FALSE,53
LIP-054,lips,SHEGLAM Sweet Dreamz Lip Sleeping Mask-Caramel,SHEGLAM Sweet Dreamz Lip Sleeping Mask-Caramel Brand Beauty Cosmetic Makeup For Women And Girls,default,default,,,FALSE,,3,FALSE,54
LIP-055,lips,SHEGLAM Jelly Wow Hydrating Lip Oil,SHEGLAM Jelly Wow Hydrating Lip Oil-Berry Involved Lip Combo Brand Beauty Cosmetic Makeup For Women And Girls | SHEGLAM Jelly Wow Hydrating Lip Oil-Pinkies Up Lip Combo Brand Beauty Cosmetic Makeup For Women And Girls,Berry Involved|Pinkies,berry-involved|pinkies,,,FALSE,,3|3,FALSE,55
LIP-056,lips,SHEGLAM Fall In Line Peel Off Lip Liner Stain,SHEGLAM Fall In Line Peel Off Lip Liner Stain-Brownie Points Henna Lip Combo Brand Beauty Cosmetic Makeup For Women And Girls | SHEGLAM Fall In Line Peel Off Lip Liner Stain-Pinky Promise Henna Lip Combo Brand Beauty Cosmetic Makeup For Women And Girls,Brownie Points|Pinky Promise,brownie-points|pinky-promise,,,FALSE,,4|4,FALSE,56
LIP-057,lips,SHEGLAM Dynamatte Boom Long-Lasting Matte Lipstick,SHEGLAM Dynamatte Boom Long-Lasting Matte Lipstick-Bold Type Lip Combo Brand Beauty Cosmetic Makeup For Women And Girls | SHEGLAM Dynamatte Boom Long-Lasting Matte Lipstick-Encore Energy Lip Combo Brand Beauty Cosmetic Makeup For Women And Girls | SHEGLAM Dynamatte Boom Long-Lasting Matte Lipstick-Gotcha Lip Combo Brand Beauty Cosmetic Makeup For Women And Girls | SHEGLAM Dynamatte Boom Long-Lasting Matte Lipstick-High Key Lip Combo Brand Beauty Cosmetic Makeup For Women And Girls | SHEGLAM Dynamatte Boom Long-Lasting Matte Lipstick-Stronger Than Ever Lip Combo Brand Beauty Cosmetic Makeup For Women And Girls,Bold Type|Encore Energy|Gotcha|High Key|Stronger Than Ever,bold-type|encore-energy|gotcha|high-key|stronger-than-ever,,,FALSE,,3|3|3|3|3,FALSE,57
LIP-058,lips,SHEGLAM Mirror Kiss High-Shine Lipstick,SHEGLAM Mirror Kiss High-Shine Lipstick-Bold Type Lip Combo Brand Beauty Cosmetic Makeup For Women And Girls | SHEGLAM Mirror Kiss High-Shine Lipstick-High Key Lip Combo Brand Beauty Cosmetic Makeup For Women And Girls | SHEGLAM Mirror Kiss High-Shine Lipstick-Plot Twist Lip Combo Brand Beauty Cosmetic Makeup For Women And Girls | SHEGLAM Mirror Kiss High-Shine Lipstick-Rule Breaker Lip Combo Brand Beauty Cosmetic Makeup For Women And Girls,Bold Type|High Key|Plot Twist|Rule Breaker,bold-type|high-key|plot-twist|rule-breaker,,,FALSE,,3|3|3|3,FALSE,58
LIP-060,lips,SHEGLAM Marshmallow Puff Lip Blur Pen,SHEGLAM Marshmallow Puff Lip Blur Pen-032 Soft Bounce Brand Beauty Cosmetic Makeup For Women And Girls | SHEGLAM Marshmallow Puff Lip Blur Pen-111 High Key Brand Beauty Cosmetic Makeup For Women And Girls | SHEGLAM Marshmallow Puff Lip Blur Pen-136 Blush Whip Brand Beauty Cosmetic Makeup For Women And Girls,Soft Bounce|High Key|Blush Whip,soft-bounce|high-key|blush-whip,032|111|136,,FALSE,,3|3|3,FALSE,60
LIP-065,lips,SHEGLAM Soft Haze Lip Blur-Little Things Lip Combo,SHEGLAM Soft Haze Lip Blur-Little Things Lip Combo Brand Beauty Cosmetic Makeup For Women And Girls,default,default,,,FALSE,,3,FALSE,65
LIP-066,lips,SHEGLAM Crystal Glaze Moisturizing Lip Care-Melon Pop Lip Combo,SHEGLAM Crystal Glaze Moisturizing Lip Care-Melon Pop Lip Combo Brand Beauty Cosmetic Makeup For Women And Girls,default,default,,,FALSE,,3,FALSE,66
LIP-071,lips,SHEGLAM Pout Phresh Color Changing Lipstick-Watermelon Lip Combo,SHEGLAM Pout Phresh Color Changing Lipstick-Watermelon Lip Combo Brand Beauty Cosmetic Makeup For Women And Girls,default,default,,,FALSE,,2,FALSE,71
LIP-072,lips,SHEGLAM Line To Shine Peel-Off Lip Stain & Gloss Duo,SHEGLAM Line To Shine Peel-Off Lip Stain & Gloss Duo-013 Peach Mousse 2-In-1 Long-Lasting Combo Liquid Lipstick Lip Liner Brand Beauty Cosmetic Makeup For Women And Girls | SHEGLAM Line To Shine Peel-Off Lip Stain & Gloss Duo-113 Rose Latte 2-In-1 Long-Lasting Combo Liquid Lipstick Lip Liner Brand Beauty Cosmetic Makeup For Women And Girls | SHEGLAM Line To Shine Peel-Off Lip Stain & Gloss Duo-114 Pink Macaron 2-In-1 Long-Lasting Combo Liquid Lipstick Lip Liner Brand Beauty Cosmetic Makeup For Women And Girls | SHEGLAM Line To Shine Peel-Off Lip Stain & Gloss Duo-310 Cherry Cola 2-In-1 Long-Lasting Combo Liquid Lipstick Lip Liner Brand Beauty Cosmetic Makeup For Women And Girls | SHEGLAM Line To Shine Peel-Off Lip Stain & Gloss Duo-311 Berry Milkshake 2-In-1 Long-Lasting Combo Liquid Lipstick Lip Liner Brand Beauty Cosmetic Makeup For Women And Girls | SHEGLAM Line To Shine Peel-Off Lip Stain & Gloss Duo-510 Papaya Glaze 2-In-1 Long-Lasting Combo Liquid Lipstick Lip Liner Brand Beauty Cosmetic Makeup For Women And Girls | SHEGLAM Line To Shine Peel-Off Lip Stain & Gloss Duo-511 Toasted Almond 2-In-1 Long-Lasting Combo Liquid Lipstick Lip Liner Brand Beauty Cosmetic Makeup For Women And Girls | SHEGLAM Line To Shine Peel-Off Lip Stain & Gloss Duo-512 Mocha Cream 2-In-1 Long-Lasting Combo Liquid Lipstick Lip Liner Brand Beauty Cosmetic Makeup For Women And Girls | SHEGLAM Line To Shine Peel-Off Lip Stain & Gloss Duo-514 Brown Butter 2-In-1 Long-Lasting Combo Liquid Lipstick Lip Liner Brand Beauty Cosmetic Makeup For Women And Girls | SHEGLAM Line To Shine Peel-Off Lip Stain & Gloss Duo-515 Fig Cookie 2-In-1 Long-Lasting Combo Liquid Lipstick Lip Liner Brand Beauty Cosmetic Makeup For Women And Girls,Peach Mousse|Rose Latte|Pink Macaron|Cherry Cola|Berry Milkshake|Papaya Glaze|Toasted Almond|Mocha Cream|Brown Butter|Fig Cookie,peach-mousse|rose-latte|pink-macaron|cherry-cola|berry-milkshake|papaya-glaze|toasted-almond|mocha-cream|brown-butter|fig-cookie,013|113|114|310|311|510|511|512|514|515,,FALSE,,3|3|3|3|3|3|3|3|3|3,FALSE,72
LIP-082,lips,SHEGLAM Just Kissed Lipstick Crayon-Red Velvet Lip Combo,SHEGLAM Just Kissed Lipstick Crayon-Red Velvet Lip Combo Brand Beauty Cosmetic Makeup For Women And Girls,default,default,,,FALSE,,3,FALSE,82
LIP-084,lips,SHEGLAM Matte Allure Lipstick,SHEGLAM Matte Allure Lipstick -083 Self-Made Babe Lip Combo Brand Beauty Cosmetic Makeup For Women And Girls | SHEGLAM Matte Allure Lipstick -092 Adulting Lip Combo Brand Beauty Cosmetic Makeup For Women And Girls,Self-Made Babe|Adulting,self-made-babe|adulting,083|092,,FALSE,,4|4,FALSE,84
LIP-086,lips,SHEGLAM Bounce Putty Pocket Lip Pot-Sangria Slay Lip Combo,SHEGLAM Bounce Putty Pocket Lip Pot-Sangria Slay Lip Combo Brand Beauty Cosmetic Makeup For Women And Girls,default,default,,,FALSE,,3,FALSE,86
LIP-091,lips,SHEGLAM Pout Pillow Cushion Lip Gloss,SHEGLAM Pout Pillow Cushion Lip Gloss-K.O. Lip Combo Brand Beauty Cosmetic Makeup For Women And Girls | SHEGLAM Pout Pillow Cushion Lip Gloss sweet dreamz Lip Combo Brand Beauty Cosmetic Makeup For Women And Girls | SHEGLAM Pout Pillow Cushion Lip Gloss40 winks Lip Combo Brand Beauty Cosmetic Makeup For Women And Girls,K.O.|Sweet Dreamz|40 Winks,k-o|sweet-dreamz|40-winks,,,FALSE,,3|3|3,FALSE,91
LIP-093,lips,SHEGLAM Take A Hint Lip Tint-Obsessed Lip Combo,SHEGLAM Take A Hint Lip Tint-Obsessed Lip Combo Brand Beauty Cosmetic Makeup For Women And Girls,default,default,,,FALSE,,4,FALSE,93
