Category,FolderNumber,SKU,RawOriginalName,AssignedProductName,Colors,ReviewNote
eyes,21,EYE-021,SHEGLAM Like Magic 12Hr Full Coverage Concealer-Golden Brand Beauty Cosmetic Makeup For Women And Girls,SHEGLAM Like Magic 12Hr Full Coverage Concealer-Golden,default (split - merge failed)
eyes,21,EYE-021,SHEGLAM Like Magic Hydrating Concealer-Pink Pearl Brand Beauty Cosmetic Makeup For Women And Girls,SHEGLAM Like Magic Hydrating Concealer-Pink Pearl,default (split - merge failed)
eyes,29,EYE-029,SHEGLAM Coffee Date Palette Brand Beauty Cosmetic Makeup For Women And Girls,SHEGLAM Coffee Date Palette,default (split - merge failed)
eyes,29,EYE-029,SHEGLAM Desert Hues Palette Brand Beauty Cosmetic Makeup For Women And Girls,SHEGLAM Desert Hues Palette,default (split - merge failed)
eyes,29,EYE-029,SHEGLAM Mauve Mood Palette Brand Beauty Cosmetic Makeup For Women And Girls,SHEGLAM Mauve Mood Palette,default (split - merge failed)
eyes,29,EYE-029,SHEGLAM Peach Perfection Palette Brand Beauty Cosmetic Makeup For Women And Girls,SHEGLAM Peach Perfection Palette,default (split - merge failed)
eyes,29,EYE-029,SHEGLAM Sahara Heat Palette Brand Beauty Cosmetic Makeup For Women And Girls,SHEGLAM Sahara Heat Palette,default (split - merge failed)
eyes,48,EYE-048,SHEGLAM Boldline Gel Liner Sharpener Brand Beauty Cosmetic Makeup For Women And Girls,SHEGLAM Boldline Gel Liner Sharpener,partial merge
eyes,48,EYE-048,SHEGLAM Boldline Longwear Multi-Function Gel Liner-Azure Blue Kohl Kajal Henna Brand Beauty Cosmetic Makeup For Women And Girls,SHEGLAM Boldline Longwear Multi-Function Gel Liner-Azure Blue Kohl Kajal Henna,partial merge
eyes,48,EYE-048,SHEGLAM Boldline Longwear Multi-Function Gel Liner-Black Kohl Kajal Henna Brand Beauty Cosmetic Makeup For Women And Girls,SHEGLAM Boldline Longwear Multi-Function Gel Liner-Black Kohl Kajal Henna,partial merge
eyes,48,EYE-048,SHEGLAM Boldline Longwear Multi-Function Gel Liner-Burgundy Kohl Kajal Henna Brand Beauty Cosmetic Makeup For Women And Girls,SHEGLAM Boldline Longwear Multi-Function Gel Liner-Burgundy Kohl Kajal Henna,partial merge
eyes,48,EYE-048,SHEGLAM Boldline Longwear Multi-Function Gel Liner-Chocolate Kohl Kajal Henna Brand Beauty Cosmetic Makeup For Women And Girls,SHEGLAM Boldline Longwear Multi-Function Gel Liner-Chocolate Kohl Kajal Henna,partial merge
eyes,48,EYE-048,SHEGLAM Boldline Longwear Multi-Function Gel Liner-Hot Pink Kohl Kajal Henna Brand Beauty Cosmetic Makeup For Women And Girls,SHEGLAM Boldline Longwear Multi-Function Gel Liner-Hot Pink Kohl Kajal Henna,partial merge
eyes,48,EYE-048,SHEGLAM Boldline Longwear Multi-Function Gel Liner-Metallic Green Kohl Kajal Henna Brand Beauty Cosmetic Makeup For Women And Girls,SHEGLAM Boldline Longwear Multi-Function Gel Liner-Metallic Green Kohl Kajal Henna,partial merge
eyes,48,EYE-048,SHEGLAM Boldline Longwear Multi-Function Gel Liner-Silver Kohl Kajal Henna Brand Beauty Cosmetic Makeup For Women And Girls,SHEGLAM Boldline Longwear Multi-Function Gel Liner-Silver Kohl Kajal Henna,partial merge
eyes,48,EYE-048,SHEGLAM Boldline Longwear Multi-Function Gel Liner-Violet Kohl Kajal Henna Brand Beauty Cosmetic Makeup For Women And Girls,SHEGLAM Boldline Longwear Multi-Function Gel Liner-Violet Kohl Kajal Henna,partial merge
eyes,48,EYE-048,SHEGLAM Boldline Longwear Multi-Function Gel Liner-White Kohl Kajal Henna Brand Beauty Cosmetic Makeup For Women And Girls,SHEGLAM Boldline Longwear Multi-Function Gel Liner-White Kohl Kajal Henna,partial merge
eyes,61,EYE-061,SHEGLAM All-In-One 24K Multi-Effect Mascara Brand Beauty Cosmetic Makeup For Women And Girls,SHEGLAM All-In-One 24K Multi-Effect Mascara,partial merge
eyes,61,EYE-061,SHEGLAM All-In-One Volume & Length Mascara Brand Beauty Cosmetic Makeup For Women And Girls,SHEGLAM All-In-One Volume & Length Mascara,partial merge
eyes,61,EYE-061,SHEGLAM All-In-One Volume & Length Mascara-Washable Black Brand Beauty Cosmetic Makeup For Women And Girls,SHEGLAM All-In-One Volume & Length Mascara-Washable Black,partial merge
eyes,61,EYE-061,SHEGLAM All-In-One Volume & Length Mascara-Waterproof Blue Brand Beauty Cosmetic Makeup For Women And Girls,SHEGLAM All-In-One Volume & Length Mascara-Waterproof Blue,partial merge
eyes,61,EYE-061,SHEGLAM All-In-One Volume & Length Mascara-Waterproof Macchiato Brand Beauty Cosmetic Makeup For Women And Girls,SHEGLAM All-In-One Volume & Length Mascara-Waterproof Macchiato,partial merge
eyes,64,EYE-064,Lashlighter Infinite Tubing Mascara Brand Beauty Cosmetic Makeup For Women And Girls,Lashlighter Infinite Tubing Mascara,default (split - merge failed)
eyes,64,EYE-064,SHEGLAM Lashlighter Ez Mascara Remover Brand Beauty Cosmetic Makeup For Women And Girls,SHEGLAM Lashlighter Ez Mascara Remover,default (split - merge failed)
eyes,64,EYE-064,SHEGLAM Lashlighter Up & Out Mascara Brand Beauty Cosmetic Makeup For Women And Girls,SHEGLAM Lashlighter Up & Out Mascara,default (split - merge failed)
face,24,FAC-024,SHEGLAM Buttery Bling Highlight Stick-Rose Rush Brand Beauty Cosmetic Makeup For Women And Girls,SHEGLAM Buttery Bling Highlight Stick-Rose Rush,partial merge
face,24,FAC-024,SHEGLAM Buttery Bliss Blush Stick-Chestnut Flush 0 Brand Beauty Cosmetic Makeup For Women And Girls,SHEGLAM Buttery Bliss Blush Stick-Chestnut Flush,partial merge
face,24,FAC-024,SHEGLAM Buttery Bliss Blush Stick-Hush Hush 0 Brand Beauty Cosmetic Makeup For Women And Girls,SHEGLAM Buttery Bliss Blush Stick-Hush Hush,partial merge
face,24,FAC-024,SHEGLAM Buttery Bliss Blush Stick-Love Cake 0 Brand Beauty Cosmetic Makeup For Women And Girls,SHEGLAM Buttery Bliss Blush Stick-Love Cake,partial merge
face,24,FAC-024,SHEGLAM Buttery Bliss Blush Stick-Painted Peony 0 Brand Beauty Cosmetic Makeup For Women And Girls,SHEGLAM Buttery Bliss Blush Stick-Painted Peony,partial merge
face,24,FAC-024,SHEGLAM Buttery Bliss Blush Stick-Rose Ritual 0 Brand Beauty Cosmetic Makeup For Women And Girls,SHEGLAM Buttery Bliss Blush Stick-Rose Ritual,partial merge
lips,1,LIP-001,SHEGLAM Glam 101 Lipstick & Liner Duo - Berry Whip Lip Combo Brand Beauty Cosmetic Makeup For Women And Girls,SHEGLAM Glam 101 Lipstick & Liner Duo - Berry Whip Lip Combo,partial merge
lips,1,LIP-001,SHEGLAM Glam 101 Lipstick & Liner Duo - Cherry Fudge Lip Combo Brand Beauty Cosmetic Makeup For Women And Girls,SHEGLAM Glam 101 Lipstick & Liner Duo - Cherry Fudge Lip Combo,partial merge
lips,1,LIP-001,SHEGLAM Glam 101 Lipstick & Liner Duo - Macaron Lip Combo Brand Beauty Cosmetic Makeup For Women And Girls,SHEGLAM Glam 101 Lipstick & Liner Duo - Macaron Lip Combo,partial merge
lips,1,LIP-001,SHEGLAM Glam 101 Lipstick & Liner Duo - Praline Pie Lip Combo Brand Beauty Cosmetic Makeup For Women And Girls,SHEGLAM Glam 101 Lipstick & Liner Duo - Praline Pie Lip Combo,partial merge
lips,1,LIP-001,SHEGLAM Glam 101 Lipstick & Liner Duo-Deep Caramel Lip Combo Brand Beauty Cosmetic Makeup For Women And Girls,SHEGLAM Glam 101 Lipstick & Liner Duo-Deep Caramel Lip Combo,partial merge
lips,1,LIP-001,SHEGLAM Glam 101 Sheer Tinted Lipstick & Liner Duo-Blueberry Jam Lip Combo Brand Beauty Cosmetic Makeup For Women And Girls,SHEGLAM Glam 101 Sheer Tinted Lipstick & Liner Duo-Blueberry Jam Lip Combo,partial merge
lips,1,LIP-001,SHEGLAM Glam 101 Sheer Tinted Lipstick & Liner Duo-Cherry Glaze Lip Combo Brand Beauty Cosmetic Makeup For Women And Girls,SHEGLAM Glam 101 Sheer Tinted Lipstick & Liner Duo-Cherry Glaze Lip Combo,partial merge
lips,1,LIP-001,SHEGLAM Glam 101 Sheer Tinted Lipstick & Liner Duo-Cinna-Swirl Lip Combo Brand Beauty Cosmetic Makeup For Women And Girls,SHEGLAM Glam 101 Sheer Tinted Lipstick & Liner Duo-Cinna-Swirl Lip Combo,partial merge
lips,14,LIP-014,SHEGLAM Pout-Perfect Shimmer Lip Plumper-Gold Rush Lip Combo Brand Beauty Cosmetic Makeup For Women And Girls,SHEGLAM Pout-Perfect Shimmer Lip Plumper-Gold Rush Lip Combo,partial merge
lips,14,LIP-014,SHEGLAM Pout-Perfect Shimmer Lip Plumper-Pink Flamingo Lip Combo Brand Beauty Cosmetic Makeup For Women And Girls,SHEGLAM Pout-Perfect Shimmer Lip Plumper-Pink Flamingo Lip Combo,partial merge
lips,14,LIP-014,SHEGLAM Pout-Perfect Shine Lip Plumper-First Crush Lip Combo Brand Beauty Cosmetic Makeup For Women And Girls,SHEGLAM Pout-Perfect Shine Lip Plumper-First Crush Lip Combo,partial merge
lips,14,LIP-014,SHEGLAM Pout-Perfect Shine Lip Plumper-Hot Cocoa Lip Combo Brand Beauty Cosmetic Makeup For Women And Girls,SHEGLAM Pout-Perfect Shine Lip Plumper-Hot Cocoa Lip Combo,partial merge
lips,14,LIP-014,SHEGLAM Pout-Perfect Shine Lip Plumper-In Bloom Lip Combo Brand Beauty Cosmetic Makeup For Women And Girls,SHEGLAM Pout-Perfect Shine Lip Plumper-In Bloom Lip Combo,partial merge
lips,14,LIP-014,SHEGLAM Pout-Perfect Shine Lip Plumper-Mahogany Magic Lip Combo Brand Beauty Cosmetic Makeup For Women And Girls,SHEGLAM Pout-Perfect Shine Lip Plumper-Mahogany Magic Lip Combo,partial merge
lips,14,LIP-014,SHEGLAM Pout-Perfect Shine Lip Plumper-Peachy Keen Lip Combo Brand Beauty Cosmetic Makeup For Women And Girls,SHEGLAM Pout-Perfect Shine Lip Plumper-Peachy Keen Lip Combo,partial merge
lips,14,LIP-014,SHEGLAM Pout-Perfect Shine Lip Plumper-Pink Flamingo Lip Combo Brand Beauty Cosmetic Makeup For Women And Girls,SHEGLAM Pout-Perfect Shine Lip Plumper-Pink Flamingo Lip Combo,partial merge
lips,14,LIP-014,SHEGLAM Pout-Perfect Shine Lip Plumper-Sepia Kiss Lip Combo Brand Beauty Cosmetic Makeup For Women And Girls,SHEGLAM Pout-Perfect Shine Lip Plumper-Sepia Kiss Lip Combo,partial merge
lips,14,LIP-014,SHEGLAM Pout-Perfect Shine Lip Plumper-Spring Fever Lip Combo Brand Beauty Cosmetic Makeup For Women And Girls,SHEGLAM Pout-Perfect Shine Lip Plumper-Spring Fever Lip Combo,partial merge
eyes,61,EYE-061-B,SHEGLAM All-In-One Volume & Length Mascara Brand Beauty Cosmetic Makeup For Women And Girls,SHEGLAM All-In-One Volume & Length Mascara,default,possible unlabeled default shade — verify manually
